{
  "destination-renaissance-barcelona-hotel": [2.16350, 41.39470],
  "destination-barcelona-el-prat-airport": [2.08330, 41.29740],
  "destination-gothic-quarter": [2.17690, 41.38260],
  "destination-barcelona-cathedral": [2.17610, 41.38390],
  "destination-picasso-museum-barcelona": [2.18100, 41.38510],
  "destination-el-born": [2.18390, 41.38480],
  "destination-santa-maria-del-mar": [2.18270, 41.38350],
  "destination-palau-de-la-m-sica-catalana": [2.17500, 41.38780],
  "destination-arc-de-triomf": [2.18080, 41.39110],
  "destination-parc-de-la-ciutadella": [2.18640, 41.38830],
  "destination-casa-mil-la-pedrera": [2.16190, 41.39530],
  "destination-casa-batll": [2.16500, 41.39170],
  "destination-park-g-ell": [2.15270, 41.41450],
  "destination-gr-cia": [2.15610, 41.40340],
  "destination-mnac": [2.15350, 41.36860],
  "destination-sagrada-fam-lia": [2.17440, 41.40360],
  "destination-sant-pau-art-nouveau-site": [2.17460, 41.41170],
  "destination-tossa-de-mar": [2.93200, 41.72020],
  "destination-vila-vella": [2.93330, 41.71940],
  "destination-platja-gran": [2.93290, 41.72030],
  "destination-es-codolar": [2.93410, 41.71840],
  "destination-granada-cathedral": [-3.59840, 37.17640],
  "destination-royal-chapel": [-3.59840, 37.17620],
  "destination-alcaicer-a": [-3.59850, 37.17580],
  "destination-plaza-bib-rambla": [-3.59950, 37.17610],
  "destination-albaic-n": [-3.59190, 37.17990],
  "destination-mirador-de-san-nicol-s": [-3.59180, 37.18100],
  "destination-alhambra": [-3.58790, 37.17730],
  "destination-generalife": [-3.58560, 37.17890],
  "destination-nasrid-palaces": [-3.58870, 37.17750],
  "destination-monasterio-de-san-jer-nimo": [-3.60190, 37.18040],
  "destination-real-alc-zar-of-seville": [-5.99110, 37.38370],
  "destination-santa-cruz": [-5.99050, 37.38500],
  "destination-patio-de-banderas": [-5.99120, 37.38380],
  "destination-murillo-gardens": [-5.98900, 37.38290],
  "destination-seville-cathedral": [-5.99300, 37.38590],
  "destination-giralda": [-5.99230, 37.38630],
  "destination-las-setas-metropol-parasol": [-5.99230, 37.39380],
  "destination-plaza-de-espa-a": [-5.98690, 37.37720],
  "destination-parque-de-mar-a-luisa": [-5.98690, 37.37540],
  "destination-palacio-de-las-due-as": [-5.98920, 37.39390],
  "destination-triana": [-6.00290, 37.38250],
  "destination-archivo-de-indias": [-5.99300, 37.38500],
  "destination-hospital-de-los-venerables": [-5.99050, 37.38510]
}
